--
-- PostgreSQL database dump
--

-- Dumped from database version 16.3 (Debian 16.3-1.pgdg120+1)
-- Dumped by pg_dump version 16.3 (Debian 16.3-1.pgdg120+1)

SET statement_timeout = 0;
SET lock_timeout = 0;
SET idle_in_transaction_session_timeout = 0;
SET client_encoding = 'UTF8';
SET standard_conforming_strings = on;
SELECT pg_catalog.set_config('search_path', '', false);
SET check_function_bodies = false;
SET xmloption = content;
SET client_min_messages = warning;
SET row_security = off;

SET default_tablespace = '';

SET default_table_access_method = heap;

--
-- Name: authors; Type: TABLE; Schema: public; Owner: ivan
--

CREATE TABLE public.authors (
    id bigint NOT NULL,
    birth_year integer,
    country character varying(100),
    death_year integer,
    name character varying(100) NOT NULL
);


ALTER TABLE public.authors OWNER TO ivan;

--
-- Name: authors_id_seq; Type: SEQUENCE; Schema: public; Owner: ivan
--

ALTER TABLE public.authors ALTER COLUMN id ADD GENERATED BY DEFAULT AS IDENTITY (
    SEQUENCE NAME public.authors_id_seq
    START WITH 1
    INCREMENT BY 1
    NO MINVALUE
    NO MAXVALUE
    CACHE 1
);


--
-- Name: collections; Type: TABLE; Schema: public; Owner: ivan
--

CREATE TABLE public.collections (
    id bigint NOT NULL,
    description text,
    end_date date,
    name character varying(100) NOT NULL,
    start_date date,
    curator_id bigint
);


ALTER TABLE public.collections OWNER TO ivan;

--
-- Name: collections_id_seq; Type: SEQUENCE; Schema: public; Owner: ivan
--

ALTER TABLE public.collections ALTER COLUMN id ADD GENERATED BY DEFAULT AS IDENTITY (
    SEQUENCE NAME public.collections_id_seq
    START WITH 1
    INCREMENT BY 1
    NO MINVALUE
    NO MAXVALUE
    CACHE 1
);


--
-- Name: halls; Type: TABLE; Schema: public; Owner: ivan
--

CREATE TABLE public.halls (
    id bigint NOT NULL,
    description text,
    floor integer,
    name character varying(100) NOT NULL
);


ALTER TABLE public.halls OWNER TO ivan;

--
-- Name: halls_id_seq; Type: SEQUENCE; Schema: public; Owner: ivan
--

ALTER TABLE public.halls ALTER COLUMN id ADD GENERATED BY DEFAULT AS IDENTITY (
    SEQUENCE NAME public.halls_id_seq
    START WITH 1
    INCREMENT BY 1
    NO MINVALUE
    NO MAXVALUE
    CACHE 1
);


--
-- Name: items; Type: TABLE; Schema: public; Owner: ivan
--

CREATE TABLE public.items (
    id bigint NOT NULL,
    condition character varying(50),
    description text,
    name character varying(100) NOT NULL,
    year integer,
    author_id bigint,
    collection_id bigint,
    hall_id bigint
);


ALTER TABLE public.items OWNER TO ivan;

--
-- Name: items_id_seq; Type: SEQUENCE; Schema: public; Owner: ivan
--

ALTER TABLE public.items ALTER COLUMN id ADD GENERATED BY DEFAULT AS IDENTITY (
    SEQUENCE NAME public.items_id_seq
    START WITH 1
    INCREMENT BY 1
    NO MINVALUE
    NO MAXVALUE
    CACHE 1
);


--
-- Name: users; Type: TABLE; Schema: public; Owner: ivan
--

CREATE TABLE public.users (
    id bigint NOT NULL,
    full_name character varying(100),
    password_hash character varying(255) NOT NULL,
    role character varying(30) NOT NULL,
    username character varying(50) NOT NULL,
    CONSTRAINT users_role_check CHECK (((role)::text = ANY ((ARRAY['ADMIN'::character varying, 'EMPLOYEE'::character varying, 'VISITOR'::character varying])::text[])))
);


ALTER TABLE public.users OWNER TO ivan;

--
-- Name: users_id_seq; Type: SEQUENCE; Schema: public; Owner: ivan
--

ALTER TABLE public.users ALTER COLUMN id ADD GENERATED BY DEFAULT AS IDENTITY (
    SEQUENCE NAME public.users_id_seq
    START WITH 1
    INCREMENT BY 1
    NO MINVALUE
    NO MAXVALUE
    CACHE 1
);


--
-- Data for Name: authors; Type: TABLE DATA; Schema: public; Owner: ivan
--

COPY public.authors (id, birth_year, country, death_year, name) FROM stdin;
1	1850	Россия	1912	Иван Петров
2	1878	Россия	1956	Анна Смирнова
3	1901	США	1980	Джон Уилсон
4	1890	Испания	1970	Мария Гонсалес
5	1888	Германия	1961	Фридрих Шульц
6	1867	Италия	1934	Луиджи Бьянки
7	1910	Германия	1995	Карл Хоффман
8	1922	Великобритания	\N	София Картер
9	1955	Япония	\N	Такеши Накамура
10	1932	Франция	2001	Жак Леруа
11	1905	Германия	1988	Клара Рихтер
12	1945	Аргентина	\N	Оскар Мартинес
13	1960	Россия	\N	Дмитрий Соколов
14	1975	США	\N	Эмили Стоун
15	1949	Россия	2010	Юрий Ковалёв
16	1912	Франция	1982	Франсуа Бержье
17	1930	Корея	2004	Ли Чанг Хо
18	1920	Испания	1992	Мигель Торрес
19	1968	США	\N	Роберт Хилл
20	1980	Россия	\N	Алексей Данилов
21	1959	Мексика	\N	Хуан Моралес
22	1938	США	2015	Питер Дженкинс
23	1911	Канада	1998	Гарри Томпсон
24	1970	Россия	\N	Сергей Орлов
25	1982	Украина	\N	Николай Иванченко
26	1941	Россия	2000	Леонид Жуков
27	1927	Германия	1999	Хельга Штольц
28	1950	США	\N	Эрик Мэйсон
29	1900	Франция	1974	Поль Мерсье
30	1899	Швейцария	1970	Густав Мюллер
31	1978	Россия	\N	Марина Козина
32	1935	Франция	2010	Анри Дюран
33	1922	США	2005	Сэмюэль Райт
34	1949	Япония	\N	Акира Танака
35	1985	Германия	\N	Лукас Вернер
36	1966	Россия	\N	Елена Панина
37	1972	США	\N	Кеннет Браун
38	1958	Беларусь	\N	Георгий Литвин
39	1939	Казахстан	2011	Рахим Алимов
40	1990	Россия	\N	Артём Исаков
41	1984	Германия	\N	Виктория Мейер
42	1915	Израиль	1991	Соломон Вайс
43	1970	Италия	\N	Андреа Рицци
44	1962	Аргентина	\N	Пабло Росас
45	1945	Россия	2003	Игорь Савельев
46	1981	США	\N	Майкл Харди
47	1958	Швеция	\N	Эва Лунд
48	1933	Россия	1999	Олег Мясников
49	1962	Дания	\N	Ларс Нильсен
50	1850	Россия	1912	Иван Петров
51	1878	Россия	1956	Анна Смирнова
52	1901	США	1980	Джон Уилсон
53	1890	Испания	1970	Мария Гонсалес
54	1888	Германия	1961	Фридрих Шульц
55	1867	Италия	1934	Луиджи Бьянки
56	1910	Германия	1995	Карл Хоффман
57	1922	Великобритания	\N	София Картер
58	1955	Япония	\N	Такеши Накамура
59	1932	Франция	2001	Жак Леруа
60	1905	Германия	1988	Клара Рихтер
61	1945	Аргентина	\N	Оскар Мартинес
62	1960	Россия	\N	Дмитрий Соколов
63	1975	США	\N	Эмили Стоун
64	1949	Россия	2010	Юрий Ковалёв
65	1912	Франция	1982	Франсуа Бержье
66	1930	Корея	2004	Ли Чанг Хо
67	1920	Испания	1992	Мигель Торрес
68	1968	США	\N	Роберт Хилл
69	1980	Россия	\N	Алексей Данилов
70	1959	Мексика	\N	Хуан Моралес
71	1938	США	2015	Питер Дженкинс
72	1911	Канада	1998	Гарри Томпсон
73	1970	Россия	\N	Сергей Орлов
74	1982	Украина	\N	Николай Иванченко
75	1941	Россия	2000	Леонид Жуков
76	1927	Германия	1999	Хельга Штольц
77	1950	США	\N	Эрик Мэйсон
78	1900	Франция	1974	Поль Мерсье
79	1899	Швейцария	1970	Густав Мюллер
80	1978	Россия	\N	Марина Козина
81	1935	Франция	2010	Анри Дюран
82	1922	США	2005	Сэмюэль Райт
83	1949	Япония	\N	Акира Танака
84	1985	Германия	\N	Лукас Вернер
85	1966	Россия	\N	Елена Панина
86	1972	США	\N	Кеннет Браун
87	1958	Беларусь	\N	Георгий Литвин
88	1939	Казахстан	2011	Рахим Алимов
89	1990	Россия	\N	Артём Исаков
90	1984	Германия	\N	Виктория Мейер
91	1915	Израиль	1991	Соломон Вайс
92	1970	Италия	\N	Андреа Рицци
93	1962	Аргентина	\N	Пабло Росас
94	1945	Россия	2003	Игорь Савельев
95	1981	США	\N	Майкл Харди
96	1958	Швеция	\N	Эва Лунд
97	1933	Россия	1999	Олег Мясников
98	1962	Дания	\N	Ларс Нильсен
\.


--
-- Data for Name: collections; Type: TABLE DATA; Schema: public; Owner: ivan
--

COPY public.collections (id, description, end_date, name, start_date, curator_id) FROM stdin;
1	Работы европейских художников 18–20 вв.	\N	Европейская живопись	2010-01-01	\N
2	Археологические находки и древние артефакты.	\N	Древности	2005-05-12	\N
3	Работы авторов конца XX – XXI века.	\N	Современное искусство	2018-09-15	\N
4	Экспонаты, связанные с историей города.	\N	Городская история	2000-03-20	\N
5	Скульптуры различных эпох.	\N	Скульптуры мира	2008-11-05	\N
6	Предметы, связанные с историей науки.	\N	Научная коллекция	2012-06-21	\N
7	Фотографии известных авторов.	\N	Фотография XX века	2015-04-14	\N
8	Предметы народов мира.	\N	Традиционная культура	2007-08-30	\N
9	Движущиеся и световые инсталляции.	\N	Кинетическое искусство	2019-02-10	\N
10	Экспонаты времён войн.	\N	Военная история	2001-10-10	\N
11	Экспонаты XIX–XX вв.	\N	Индустриальная эпоха	2013-02-01	\N
12	Материалы и предметы с экспедиций.	\N	Арктические экспедиции	2014-04-03	\N
13	Культура стран Азии.	\N	Азия и Восток	2009-09-09	\N
14	Культурное наследие Африки.	\N	Африка	2011-11-11	\N
15	История техники.	\N	Музей техники	2016-05-25	\N
16	Керамика различных культур.	\N	Керамика мира	2017-06-06	\N
17	Экспонаты эпохи Средневековья.	\N	Средневековье	2003-12-17	\N
18	Искусство эпохи Возрождения.	\N	Ренессанс	2002-04-28	\N
19	Экспонаты эпохи барокко.	\N	Барокко	2004-07-13	\N
20	Искусство и материалы из стран Латинской Америки.	\N	Латинская Америка	2018-10-01	\N
21	Работы европейских художников 18–20 вв.	\N	Европейская живопись	2010-01-01	\N
22	Археологические находки и древние артефакты.	\N	Древности	2005-05-12	\N
23	Работы авторов конца XX – XXI века.	\N	Современное искусство	2018-09-15	\N
24	Экспонаты, связанные с историей города.	\N	Городская история	2000-03-20	\N
25	Скульптуры различных эпох.	\N	Скульптуры мира	2008-11-05	\N
26	Предметы, связанные с историей науки.	\N	Научная коллекция	2012-06-21	\N
27	Фотографии известных авторов.	\N	Фотография XX века	2015-04-14	\N
28	Предметы народов мира.	\N	Традиционная культура	2007-08-30	\N
29	Движущиеся и световые инсталляции.	\N	Кинетическое искусство	2019-02-10	\N
30	Экспонаты времён войн.	\N	Военная история	2001-10-10	\N
31	Экспонаты XIX–XX вв.	\N	Индустриальная эпоха	2013-02-01	\N
32	Материалы и предметы с экспедиций.	\N	Арктические экспедиции	2014-04-03	\N
33	Культура стран Азии.	\N	Азия и Восток	2009-09-09	\N
34	Культурное наследие Африки.	\N	Африка	2011-11-11	\N
35	История техники.	\N	Музей техники	2016-05-25	\N
36	Керамика различных культур.	\N	Керамика мира	2017-06-06	\N
37	Экспонаты эпохи Средневековья.	\N	Средневековье	2003-12-17	\N
38	Искусство эпохи Возрождения.	\N	Ренессанс	2002-04-28	\N
39	Экспонаты эпохи барокко.	\N	Барокко	2004-07-13	\N
40	Искусство и материалы из стран Латинской Америки.	\N	Латинская Америка	2018-10-01	\N
\.


--
-- Data for Name: halls; Type: TABLE DATA; Schema: public; Owner: ivan
--

COPY public.halls (id, description, floor, name) FROM stdin;
1	Центральный зал постоянной экспозиции.	1	Главный зал
2	Экспонаты древних цивилизаций.	1	Археология
3	Коллекция европейской живописи XIX века.	2	Живопись XIX века
4	Работы современных художников.	3	Современное искусство
5	Скульптуры из камня, бронзы и других материалов.	2	Скульптура
6	Материалы о развитии города.	1	История города
7	Экспонаты, связанные с культурами различных народов.	2	Мировая культура
8	История технологий и научных открытий.	3	Технологии и наука
9	Историческая и художественная фотография.	3	Фотография
10	Зал для временных экспозиций.	1	Спецвыставки
11	Центральный зал постоянной экспозиции.	1	Главный зал
12	Экспонаты древних цивилизаций.	1	Археология
13	Коллекция европейской живописи XIX века.	2	Живопись XIX века
14	Работы современных художников.	3	Современное искусство
15	Скульптуры из камня, бронзы и других материалов.	2	Скульптура
16	Материалы о развитии города.	1	История города
17	Экспонаты, связанные с культурами различных народов.	2	Мировая культура
18	История технологий и научных открытий.	3	Технологии и наука
19	Историческая и художественная фотография.	3	Фотография
20	Зал для временных экспозиций.	1	Спецвыставки
\.


--
-- Data for Name: items; Type: TABLE DATA; Schema: public; Owner: ivan
--

COPY public.items (id, condition, description, name, year, author_id, collection_id, hall_id) FROM stdin;
161	Хорошее	Описание экспоната №1	Экспонат №1	1821	3	1	1
162	Отличное	Описание экспоната №2	Экспонат №2	1905	12	2	2
163	Удовлетворительное	Описание экспоната №3	Экспонат №3	1750	25	3	3
164	Хорошее	Описание экспоната №4	Экспонат №4	1684	7	4	4
165	Отличное	Описание экспоната №5	Экспонат №5	1922	18	5	5
166	Удовлетворительное	Описание экспоната №6	Экспонат №6	1604	4	6	6
167	Хорошее	Описание экспоната №7	Экспонат №7	1889	41	7	7
168	Отличное	Описание экспоната №8	Экспонат №8	1991	10	8	8
169	Хорошее	Описание экспоната №9	Экспонат №9	1710	33	9	9
170	Удовлетворительное	Описание экспоната №10	Экспонат №10	1866	6	10	10
171	Хорошее	Описание экспоната №11	Экспонат №11	1901	9	11	1
172	Отличное	Описание экспоната №12	Экспонат №12	1975	14	12	2
173	Удовлетворительное	Описание экспоната №13	Экспонат №13	2005	47	13	3
174	Хорошее	Описание экспоната №14	Экспонат №14	1830	22	14	4
175	Отличное	Описание экспоната №15	Экспонат №15	1678	1	15	5
176	Удовлетворительное	Описание экспоната №16	Экспонат №16	1918	29	16	6
177	Хорошее	Описание экспоната №17	Экспонат №17	1950	8	17	7
178	Отличное	Описание экспоната №18	Экспонат №18	1765	5	18	8
179	Хорошее	Описание экспоната №19	Экспонат №19	1650	35	19	9
180	Удовлетворительное	Описание экспоната №20	Экспонат №20	1877	26	20	10
181	Отличное	Описание экспоната №21	Экспонат №21	1944	11	1	1
182	Хорошее	Описание экспоната №22	Экспонат №22	1890	42	2	2
183	Удовлетворительное	Описание экспоната №23	Экспонат №23	1633	17	3	3
184	Хорошее	Описание экспоната №24	Экспонат №24	1789	40	4	4
185	Отличное	Описание экспоната №25	Экспонат №25	1999	32	5	5
186	Удовлетворительное	Описание экспоната №26	Экспонат №26	1810	15	6	6
187	Хорошее	Описание экспоната №27	Экспонат №27	1884	48	7	7
188	Отличное	Описание экспоната №28	Экспонат №28	2010	23	8	8
189	Хорошее	Описание экспоната №29	Экспонат №29	1794	31	9	9
190	Удовлетворительное	Описание экспоната №30	Экспонат №30	1648	2	10	10
191	Хорошее	Описание экспоната №31	Экспонат №31	1855	37	11	1
192	Отличное	Описание экспоната №32	Экспонат №32	1912	13	12	2
193	Удовлетворительное	Описание экспоната №33	Экспонат №33	1699	19	13	3
194	Хорошее	Описание экспоната №34	Экспонат №34	1740	21	14	4
195	Отличное	Описание экспоната №35	Экспонат №35	1984	49	15	5
196	Удовлетворительное	Описание экспоната №36	Экспонат №36	1662	28	16	6
197	Хорошее	Описание экспоната №37	Экспонат №37	1925	20	17	7
198	Отличное	Описание экспоната №38	Экспонат №38	1870	34	18	8
199	Хорошее	Описание экспоната №39	Экспонат №39	1630	38	19	9
200	Удовлетворительное	Описание экспоната №40	Экспонат №40	1958	16	20	10
201	Хорошее	Описание экспоната №41	Экспонат №41	1820	45	1	1
202	Отличное	Описание экспоната №42	Экспонат №42	1990	24	2	2
203	Удовлетворительное	Описание экспоната №43	Экспонат №43	1714	46	3	3
204	Хорошее	Описание экспоната №44	Экспонат №44	1859	27	4	4
205	Отличное	Описание экспоната №45	Экспонат №45	2003	39	5	5
206	Удовлетворительное	Описание экспоната №46	Экспонат №46	1681	30	6	6
207	Хорошее	Описание экспоната №47	Экспонат №47	1933	44	7	7
208	Отличное	Описание экспоната №48	Экспонат №48	1780	43	8	8
209	Хорошее	Описание экспоната №49	Экспонат №49	1642	50	9	9
210	Удовлетворительное	Описание экспоната №50	Экспонат №50	1966	36	10	10
211	Хорошее	Описание экспоната №51	Экспонат №51	1881	7	11	1
212	Отличное	Описание экспоната №52	Экспонат №52	1977	12	12	2
213	Удовлетворительное	Описание экспоната №53	Экспонат №53	1703	4	13	3
214	Хорошее	Описание экспоната №54	Экспонат №54	1758	41	14	4
215	Отличное	Описание экспоната №55	Экспонат №55	2008	2	15	5
216	Удовлетворительное	Описание экспоната №56	Экспонат №56	1675	18	16	6
217	Хорошее	Описание экспоната №57	Экспонат №57	1917	33	17	7
218	Отличное	Описание экспоната №58	Экспонат №58	1862	5	18	8
219	Хорошее	Описание экспоната №59	Экспонат №59	1639	10	19	9
220	Удовлетворительное	Описание экспоната №60	Экспонат №60	1949	29	20	10
221	Хорошее	Описание экспоната №61	Экспонат №61	1833	14	1	1
222	Отличное	Описание экспоната №62	Экспонат №62	1994	17	2	2
223	Удовлетворительное	Описание экспоната №63	Экспонат №63	1718	20	3	3
224	Хорошее	Описание экспоната №64	Экспонат №64	1898	22	4	4
225	Отличное	Описание экспоната №65	Экспонат №65	2001	27	5	5
226	Удовлетворительное	Описание экспоната №66	Экспонат №66	1622	28	6	6
227	Хорошее	Описание экспоната №67	Экспонат №67	1962	34	7	7
228	Отличное	Описание экспоната №68	Экспонат №68	1783	36	8	8
229	Хорошее	Описание экспоната №69	Экспонат №69	1659	37	9	9
230	Удовлетворительное	Описание экспоната №70	Экспонат №70	1955	39	10	10
231	Хорошее	Описание экспоната №71	Экспонат №71	1840	42	11	1
232	Отличное	Описание экспоната №72	Экспонат №72	1988	43	12	2
233	Удовлетворительное	Описание экспоната №73	Экспонат №73	1708	45	13	3
234	Хорошее	Описание экспоната №74	Экспонат №74	1790	46	14	4
235	Отличное	Описание экспоната №75	Экспонат №75	2015	47	15	5
236	Удовлетворительное	Описание экспоната №76	Экспонат №76	1874	48	16	6
237	Хорошее	Описание экспоната №77	Экспонат №77	1939	49	17	7
238	Отличное	Описание экспоната №78	Экспонат №78	1666	50	18	8
239	Хорошее	Описание экспоната №79	Экспонат №79	1803	1	19	9
240	Удовлетворительное	Описание экспоната №80	Экспонат №80	1969	2	20	10
241	Хорошее	Описание экспоната №81	Экспонат №81	1827	3	1	1
242	Отличное	Описание экспоната №82	Экспонат №82	1933	4	2	2
243	Удовлетворительное	Описание экспоната №83	Экспонат №83	1769	5	3	3
244	Хорошее	Описание экспоната №84	Экспонат №84	1851	6	4	4
245	Отличное	Описание экспоната №85	Экспонат №85	1996	7	5	5
246	Удовлетворительное	Описание экспоната №86	Экспонат №86	1607	8	6	6
247	Хорошее	Описание экспоната №87	Экспонат №87	1882	9	7	7
248	Отличное	Описание экспоната №88	Экспонат №88	2018	10	8	8
249	Хорошее	Описание экспоната №89	Экспонат №89	1722	11	9	9
250	Удовлетворительное	Описание экспоната №90	Экспонат №90	1869	12	10	10
251	Хорошее	Описание экспоната №91	Экспонат №91	1931	13	11	1
252	Отличное	Описание экспоната №92	Экспонат №92	1985	14	12	2
253	Удовлетворительное	Описание экспоната №93	Экспонат №93	1730	15	13	3
254	Хорошее	Описание экспоната №94	Экспонат №94	1799	16	14	4
255	Отличное	Описание экспоната №95	Экспонат №95	2007	17	15	5
256	Удовлетворительное	Описание экспоната №96	Экспонат №96	1628	18	16	6
257	Хорошее	Описание экспоната №97	Экспонат №97	1927	19	17	7
258	Отличное	Описание экспоната №98	Экспонат №98	1873	20	18	8
259	Хорошее	Описание экспоната №99	Экспонат №99	1644	21	19	9
260	Удовлетворительное	Описание экспоната №100	Экспонат №100	1953	22	20	10
261	Хорошее	Описание экспоната №101	Экспонат №101	1843	23	1	1
262	Отличное	Описание экспоната №102	Экспонат №102	1993	24	2	2
263	Удовлетворительное	Описание экспоната №103	Экспонат №103	1701	25	3	3
264	Хорошее	Описание экспоната №104	Экспонат №104	1786	26	4	4
265	Отличное	Описание экспоната №105	Экспонат №105	2004	27	5	5
266	Удовлетворительное	Описание экспоната №106	Экспонат №106	1603	28	6	6
267	Хорошее	Описание экспоната №107	Экспонат №107	1907	29	7	7
268	Отличное	Описание экспоната №108	Экспонат №108	1894	30	8	8
269	Хорошее	Описание экспоната №109	Экспонат №109	1664	31	9	9
270	Удовлетворительное	Описание экспоната №110	Экспонат №110	1941	32	10	10
271	Хорошее	Описание экспоната №111	Экспонат №111	1839	33	11	1
272	Отличное	Описание экспоната №112	Экспонат №112	2014	34	12	2
273	Удовлетворительное	Описание экспоната №113	Экспонат №113	1691	35	13	3
274	Хорошее	Описание экспоната №114	Экспонат №114	1763	36	14	4
275	Отличное	Описание экспоната №115	Экспонат №115	2020	37	15	5
276	Удовлетворительное	Описание экспоната №116	Экспонат №116	1672	38	16	6
277	Хорошее	Описание экспоната №117	Экспонат №117	1936	39	17	7
278	Отличное	Описание экспоната №118	Экспонат №118	1857	40	18	8
279	Хорошее	Описание экспоната №119	Экспонат №119	1726	41	19	9
280	Удовлетворительное	Описание экспоната №120	Экспонат №120	1961	42	20	10
281	Хорошее	Описание экспоната №121	Экспонат №121	1863	43	1	1
282	Отличное	Описание экспоната №122	Экспонат №122	1979	44	2	2
283	Удовлетворительное	Описание экспоната №123	Экспонат №123	1744	45	3	3
284	Хорошее	Описание экспоната №124	Экспонат №124	1883	46	4	4
285	Отличное	Описание экспоната №125	Экспонат №125	1997	47	5	5
286	Удовлетворительное	Описание экспоната №126	Экспонат №126	1615	48	6	6
287	Хорошее	Описание экспоната №127	Экспонат №127	1914	49	7	7
288	Отличное	Описание экспоната №128	Экспонат №128	1777	50	8	8
289	Хорошее	Описание экспоната №129	Экспонат №129	1641	1	9	9
290	Удовлетворительное	Описание экспоната №130	Экспонат №130	1950	2	10	10
291	Хорошее	Описание экспоната №131	Экспонат №131	1829	3	11	1
292	Отличное	Описание экспоната №132	Экспонат №132	1970	4	12	2
293	Удовлетворительное	Описание экспоната №133	Экспонат №133	1721	5	13	3
294	Хорошее	Описание экспоната №134	Экспонат №134	1781	6	14	4
295	Отличное	Описание экспоната №135	Экспонат №135	2006	7	15	5
296	Удовлетворительное	Описание экспоната №136	Экспонат №136	1637	8	16	6
297	Хорошее	Описание экспоната №137	Экспонат №137	1924	9	17	7
298	Отличное	Описание экспоната №138	Экспонат №138	1879	10	18	8
299	Хорошее	Описание экспоната №139	Экспонат №139	1601	11	19	9
300	Удовлетворительное	Описание экспоната №140	Экспонат №140	1943	12	20	10
301	Хорошее	Описание экспоната №141	Экспонат №141	1846	13	1	1
302	Отличное	Описание экспоната №142	Экспонат №142	1998	14	2	2
303	Удовлетворительное	Описание экспоната №143	Экспонат №143	1697	15	3	3
304	Хорошее	Описание экспоната №144	Экспонат №144	1752	16	4	4
305	Отличное	Описание экспоната №145	Экспонат №145	2017	17	5	5
306	Удовлетворительное	Описание экспоната №146	Экспонат №146	1671	18	6	6
307	Хорошее	Описание экспоната №147	Экспонат №147	1935	19	7	7
308	Отличное	Описание экспоната №148	Экспонат №148	1868	20	8	8
309	Хорошее	Описание экспоната №149	Экспонат №149	1625	21	9	9
310	Удовлетворительное	Описание экспоната №150	Экспонат №150	1956	22	10	10
311	Хорошее	Описание экспоната №151	Экспонат №151	1825	23	11	1
312	Отличное	Описание экспоната №152	Экспонат №152	1974	24	12	2
313	Удовлетворительное	Описание экспоната №153	Экспонат №153	1717	25	13	3
314	Хорошее	Описание экспоната №154	Экспонат №154	1784	26	14	4
315	Отличное	Описание экспоната №155	Экспонат №155	2012	27	15	5
316	Удовлетворительное	Описание экспоната №156	Экспонат №156	1632	28	16	6
317	Хорошее	Описание экспоната №157	Экспонат №157	1921	29	17	7
318	Отличное	Описание экспоната №158	Экспонат №158	1871	30	18	8
319	Хорошее	Описание экспоната №159	Экспонат №159	1748	31	19	9
320	Удовлетворительное	Описание экспоната №160	Экспонат №160	1964	32	20	10
\.


--
-- Data for Name: users; Type: TABLE DATA; Schema: public; Owner: ivan
--

COPY public.users (id, full_name, password_hash, role, username) FROM stdin;
1	Ivan Ivanov	$2a$10$ZQ/pnYBQtDnGUft2znmgFuV7BmHjll6dINmJO/0cdGTvNBDvRp9W6	VISITOR	ivan
3	a	$2a$10$2vSvqlE3.dGO9RZDGZoRvugvIssDVpvqrkGyH9Mfo1zU6PX7ml9z6	VISITOR	a
4	b	$2a$10$GJOrO262cThvfW8Fws/wZuulwufG0uoe4ir1XOvjYYLt.umMiR5/u	VISITOR	b
\.


--
-- Name: authors_id_seq; Type: SEQUENCE SET; Schema: public; Owner: ivan
--

SELECT pg_catalog.setval('public.authors_id_seq', 98, true);


--
-- Name: collections_id_seq; Type: SEQUENCE SET; Schema: public; Owner: ivan
--

SELECT pg_catalog.setval('public.collections_id_seq', 40, true);


--
-- Name: halls_id_seq; Type: SEQUENCE SET; Schema: public; Owner: ivan
--

SELECT pg_catalog.setval('public.halls_id_seq', 20, true);


--
-- Name: items_id_seq; Type: SEQUENCE SET; Schema: public; Owner: ivan
--

SELECT pg_catalog.setval('public.items_id_seq', 320, true);


--
-- Name: users_id_seq; Type: SEQUENCE SET; Schema: public; Owner: ivan
--

SELECT pg_catalog.setval('public.users_id_seq', 4, true);


--
-- Name: authors authors_pkey; Type: CONSTRAINT; Schema: public; Owner: ivan
--

ALTER TABLE ONLY public.authors
    ADD CONSTRAINT authors_pkey PRIMARY KEY (id);


--
-- Name: collections collections_pkey; Type: CONSTRAINT; Schema: public; Owner: ivan
--

ALTER TABLE ONLY public.collections
    ADD CONSTRAINT collections_pkey PRIMARY KEY (id);


--
-- Name: halls halls_pkey; Type: CONSTRAINT; Schema: public; Owner: ivan
--

ALTER TABLE ONLY public.halls
    ADD CONSTRAINT halls_pkey PRIMARY KEY (id);


--
-- Name: items items_pkey; Type: CONSTRAINT; Schema: public; Owner: ivan
--

ALTER TABLE ONLY public.items
    ADD CONSTRAINT items_pkey PRIMARY KEY (id);


--
-- Name: users ukr43af9ap4edm43mmtq01oddj6; Type: CONSTRAINT; Schema: public; Owner: ivan
--

ALTER TABLE ONLY public.users
    ADD CONSTRAINT ukr43af9ap4edm43mmtq01oddj6 UNIQUE (username);


--
-- Name: users users_pkey; Type: CONSTRAINT; Schema: public; Owner: ivan
--

ALTER TABLE ONLY public.users
    ADD CONSTRAINT users_pkey PRIMARY KEY (id);


--
-- Name: items fk5ag46yonscj6pwpgrahdi66xl; Type: FK CONSTRAINT; Schema: public; Owner: ivan
--

ALTER TABLE ONLY public.items
    ADD CONSTRAINT fk5ag46yonscj6pwpgrahdi66xl FOREIGN KEY (collection_id) REFERENCES public.collections(id);


--
-- Name: items fk5equhs8u2uc4qgc0w1d6656vd; Type: FK CONSTRAINT; Schema: public; Owner: ivan
--

ALTER TABLE ONLY public.items
    ADD CONSTRAINT fk5equhs8u2uc4qgc0w1d6656vd FOREIGN KEY (author_id) REFERENCES public.authors(id);


--
-- Name: items fk78959ph4e1s41jp7gde0raf4; Type: FK CONSTRAINT; Schema: public; Owner: ivan
--

ALTER TABLE ONLY public.items
    ADD CONSTRAINT fk78959ph4e1s41jp7gde0raf4 FOREIGN KEY (hall_id) REFERENCES public.halls(id);


--
-- Name: collections fkg2qlenhe7uvj7gqbnbt5gcssd; Type: FK CONSTRAINT; Schema: public; Owner: ivan
--

ALTER TABLE ONLY public.collections
    ADD CONSTRAINT fkg2qlenhe7uvj7gqbnbt5gcssd FOREIGN KEY (curator_id) REFERENCES public.users(id);


--
-- PostgreSQL database dump complete
--

